escenario,registros,condicion,consulta,it1,it2,it3,it4,it5,promedio,desviacion
1K,1000,sin,1,0.485,0.294,0.280,0.268,0.296,0.3246,0.0904
1K,1000,sin,2,0.306,0.224,0.223,0.229,0.231,0.2426,0.0356
1K,1000,sin,3,0.437,0.446,0.430,0.395,0.412,0.4240,0.0205
1K,1000,sin,4,0.214,0.202,0.201,0.212,0.206,0.2070,0.0058
1K,1000,sin,5,0.154,0.181,0.165,0.147,0.152,0.1598,0.0136
1K,1000,con,1,0.423,0.273,0.275,0.300,0.257,0.3056,0.0674
1K,1000,con,2,0.220,0.214,0.271,0.220,0.222,0.2294,0.0234
1K,1000,con,3,0.374,0.382,0.388,0.389,0.410,0.3886,0.0134
1K,1000,con,4,0.242,0.198,0.213,0.190,0.189,0.2064,0.0221
1K,1000,con,5,0.174,0.119,0.192,0.123,0.125,0.1466,0.0339
10K,10000,sin,1,1.385,1.134,1.163,1.243,1.155,1.2160,0.1031
10K,10000,sin,2,0.987,0.985,1.022,1.233,1.009,1.0472,0.1050
10K,10000,sin,3,3.035,3.055,2.921,2.932,2.892,2.9670,0.0730
10K,10000,sin,4,0.640,0.658,0.638,0.692,0.615,0.6486,0.0287
10K,10000,sin,5,5.732,5.310,5.317,5.380,5.317,5.4112,0.1816
10K,10000,con,1,1.042,0.829,0.874,0.835,0.855,0.8870,0.0884
10K,10000,con,2,1.041,1.004,1.025,1.020,1.008,1.0196,0.0147
10K,10000,con,3,3.024,2.917,2.883,2.872,2.876,2.9144,0.0638
10K,10000,con,4,0.648,0.622,0.642,0.636,0.589,0.6274,0.0235
10K,10000,con,5,0.457,0.500,0.474,0.446,0.419,0.4592,0.0303
100K,100000,sin,1,9.567,9.513,9.542,9.651,10.230,9.7006,0.3004
100K,100000,sin,2,8.244,8.720,9.240,8.921,8.131,8.6512,0.4639
100K,100000,sin,3,30.324,30.115,30.743,29.840,30.248,30.2540,0.3297
100K,100000,sin,4,3.792,3.769,3.802,3.990,3.783,3.8272,0.0918
100K,100000,sin,5,793.720,619.450,613.830,623.096,614.675,652.9542,78.7798
100K,100000,con,1,5.784,5.653,5.685,5.657,5.744,5.7046,0.0574
100K,100000,con,2,8.141,8.000,8.057,8.064,8.045,8.0614,0.0510
100K,100000,con,3,29.877,29.888,35.388,30.515,30.136,31.1608,2.3772
100K,100000,con,4,3.808,3.790,3.741,3.838,3.779,3.7912,0.0359
100K,100000,con,5,3.110,3.009,2.891,2.887,2.942,2.9678,0.0936
1M,1000000,sin,1,122.572,121.735,121.861,122.132,121.709,122.0018,0.3601
1M,1000000,sin,2,89.128,89.798,89.700,90.196,89.704,89.7052,0.3817
1M,1000000,sin,3,344.833,341.693,343.571,335.605,338.407,340.8218,3.7899
1M,1000000,sin,4,27.467,27.329,28.097,27.497,27.263,27.5306,0.3310
1M,1000000,sin,5,29154.005,29149.100,29797.956,29508.770,29041.979,29330.3620,315.2761
1M,1000000,con,1,53.286,51.366,51.165,51.320,51.855,51.7984,0.8708
1M,1000000,con,2,114.658,115.680,110.750,112.374,110.604,112.8132,2.2887
1M,1000000,con,3,335.591,337.342,337.715,341.948,333.896,337.2984,3.0119
1M,1000000,con,4,27.192,27.695,27.171,27.140,27.296,27.2988,0.2291
1M,1000000,con,5,31.956,28.907,29.659,28.569,29.369,29.6920,1.3331
